{
    "parameters": {
        "c": 14.781,
        "beta": 2.1011e-08,
        "q": 1.2858e-05,
        "sigma": 0.142857,
        "rho": 0.86834,
        "delta_I": 0.13266,
        "delta_q": 0.1259,
        "gamma_I": 0.33029,
        "gamma_A": 0.13978,
        "gamma_H": 0.11624,
        "alpha": 1.7826e-05,
        "theta": 1.0,
        "c_lockdown": 14.781,
        "q_lockdown": 1.2858e-05,
        "Infected_0": 2731.176,
        "c_0": 14.781,
        "c_b": 2.9253,
        "r_1": 1.3768,
        "r_2": 0.3283,
        "delta_I_0": 0.13266,
        "delta_I_f": 2.7367,
        "Wuhan": 1.0,
        "XXlambdaXX": 0.0714285
    }
}