{"states":[[0.6707143227420629,0.8884699477036363,0.5529994263352648,0.5781025592126303,0.1595272999201518],[0.6708096954847168,0.860553381661428,0.5529994263352648,0.592482739441051,0.17296831299128546],[0.6743756691379313,0.7865608080541733,0.5529994263352648,0.6251898358724568,0.21068781651391993],[0.6876151504049499,0.6988484413307576,0.5529994263352648,0.6518869141072509,0.25846362373552295],[0.7157308089370118,0.6129697565802796,0.5529994263352648,0.6616976864719791,0.3064158775892108],[0.765460829941399,0.5318949152615845,0.5529994263352648,0.6505311118743193,0.34892727250117844],[0.8379471646145591,0.46402001682238886,0.5529994263352648,0.6185067529611823,0.37634019518035106],[0.9315915517294925,0.4110483917473694,0.5529994263352648,0.570455876667285,0.38371830943433444],[1.0382466250969913,0.372763294018715,0.5529994263352648,0.5150639851264642,0.37074022533631096],[1.148832790550459,0.3454418247342002,0.5529994263352648,0.46016467778969544,0.3423748365041269],[1.2528429580348415,0.3252246692899099,0.5529994263352648,0.4119212774732172,0.3068252247805129],[1.3386988951620902,0.3097773799897419,0.5529994263352648,0.37464001646194695,0.27369783796470243],[1.4043507676732692,0.29747582221013164,0.5529994263352648,0.3474371469504895,0.24755039274459129],[1.4545007293377856,0.2872096746760825,0.5529994263352648,0.3271642290406153,0.22793949652399817],[1.4829643826758507,0.2808965296934177,0.5529994263352648,0.31574183299299413,0.2172113842162191]],"time":[0.0,0.12414230006674251,0.48815751301838195,1.005268458518789,1.64655916091341,2.460902028607757,3.445105879199903,4.635825364477223,6.051399380456685,7.74704388802353,9.777308184584186,12.091625759545376,14.6628804597763,17.600875222955153,20.0]}