{"states":[[0.5055599516589279,0.8563029320006239,0.19140502091953226],[0.49837932071985086,0.8596628553344715,0.1952257285247617],[0.4289579778640716,0.8927869311296558,0.23152299558535663],[0.29933379083817463,0.9526749896677009,0.30125912407320854],[0.1814921694218556,0.9943839228330129,0.3773918123242156],[0.08383248102651857,0.9980678958772147,0.4713675276753509],[0.03377349259123458,0.9572769649283611,0.5622174470594884],[0.014196154002695967,0.9022014353455573,0.6368703152308308],[0.005680530112063347,0.8403300476833842,0.7072573267836366]],"time":[0.0,0.1628344486789819,1.6779558793268767,4.439330325470955,7.291476786558805,10.725571835542961,14.113485915414945,17.046619061991713,20.0]}