{
    "parameters": {
        "beta": 0.054043,
        "c_0": 40.319,
        "phi": 0.19231,
        "theta": 0.6628,
        "eta": 17.379,
        "gamma_I": 0.15796,
        "gamma_A": 0.55671,
        "gamma_H": 0.035352,
        "d": 0.00055888,
        "xi": 0.80987,
        "mu": 0.07142857,
        "q1": 1.0,
        "q2": 0.47218,
        "q3": 2.6954,
        "delta": 0.00028286,
        "c_t": 40.0802126286369,
        "q_1_t": 0.994077547276392,
        "China": 1.0
    }
}