{
    "parameters": {
        "beta": 0.16668,
        "omega": 0.01667,
        "sigma": 0.19231,
        "gamma": 0.05556,
        "R_fixed": 3.0,
        "Fraction_infected": 0.001,
        "R_1": 3.0,
        "R_2": 3.0,
        "R_1_0": 3.0,
        "R_2_0": 3.0,
        "R_1_f": 1.6,
        "R_2_f": 1.6,
        "eta": 0.0,
        "USA": 1.0
    }
}