{"states":[[0.9525906184507444,0.9034301283618975,0.4955101338559138,0.3892589224604258,0.8635628129436252,0.6306307195953241],[0.9321761319556522,0.8607034197947702,0.4834318139387092,0.3892589224604258,0.8928513412361406,0.6765617062822331],[0.8877775725088299,0.7677836579025935,0.45130565994251864,0.3892589224604258,0.9588286253388452,0.780028897514718],[0.837243460982095,0.6605850910989819,0.4055463999621002,0.3892589224604258,1.0380631084931693,0.9042863526711589],[0.7847999397356534,0.5458664551703547,0.3481066572528577,0.3892589224604258,1.1255172631911061,1.0414340978575334],[0.7343721616221149,0.43049981842987,0.2833033272756065,0.3892589224604258,1.21530604440737,1.1822430614725439],[0.6895123722099239,0.3223453564333956,0.21746137896697523,0.3892589224604258,1.3005229724767124,1.315882333120498],[0.6523339162628049,0.2278637366919685,0.15666493573621892,0.3892589224604258,1.3754605495268821,1.4334012749896308],[0.6236188464395459,0.15138644164395174,0.10554900294768049,0.3892589224604258,1.4363229467334668,1.52884717544286],[0.6029047008329653,0.09409929164864306,0.06625875376548984,0.3892589224604258,1.4819932322813203,1.6004684346790865],[0.5889721743211683,0.054488211914259864,0.03862151200920194,0.3892589224604258,1.5136029490440654,1.6500395659188094],[0.5802863554845625,0.029331712115018182,0.02087633957384516,0.3892589224604258,1.5336897801302822,1.6815402259037968],[0.5753363474541805,0.014831195844311506,0.0105808543783871,0.3892589224604258,1.5452721047566422,1.6997039107739835],[0.5727422220925811,0.0071835784303096294,0.005131423951426675,0.3892589224604258,1.55138184064648,1.7092853480867074],[0.5714495604024861,0.003360259882105359,0.002401903819724117,0.3892589224604258,1.5544366750151755,1.7140760140880138],[0.5708289939906588,0.0015218653512091525,0.0010881843344948032,0.3892589224604258,1.5559056589282323,1.7163797106029097],[0.5705399316437103,0.0006648893328279842,0.00047549419166182755,0.3892589224604258,1.5565904621961644,1.7174536358431403],[0.570409209736614,0.0002772088248249671,0.0001982592513618837,0.3892589224604258,1.5569002627472657,1.7179394726474382],[0.5703827320810285,0.0001986714054261066,0.00014209631971362323,0.3892589224604258,1.556963021282849,1.7180378921184876]],"time":[0.0,0.1251833095063429,0.4203639425790774,0.8072099777911002,1.293098235274027,1.8894987151871903,2.604907805563057,3.4497019822560757,4.432719070056778,5.5643049779745155,6.855278379695054,8.3117623632526,9.911014850423982,11.608494368308524,13.386189027668777,15.238797383511503,17.175312409897018,19.221205405301372,20.0]}