{
    "parameters": {
        "alpha_1": 0.1,
        "alpha_2": 0.1,
        "b": 0.00018,
        "mu": 4.563e-05,
        "mu_p": 0.1724,
        "beta_1": 0.00414,
        "beta_2": 0.0115,
        "delta": 0.7,
        "psi": 0.005,
        "omega": 0.09,
        "sigma": 0.0018,
        "gamma_S": 0.05,
        "gamma_A": 0.0714,
        "eta_S": 0.1,
        "eta_A": 0.05,
        "Human": 1.0,
        "Pathogen": 1.0
    }
}