{"states":[[0.6389180533131285,0.14006035696112573,0.4720010726941164,0.27126819860315277,0.007858288944525227],[0.6387522140134205,0.13459834595594086,0.4714837268490749,0.27126819860315277,0.014003485094459504],[0.6381300359471458,0.11399889966670233,0.46716586231374563,0.27126819860315277,0.039542973985302085],[0.6372893413324817,0.08559944793282191,0.45320776862964,0.27126819860315277,0.08274121401795217],[0.6365618798318071,0.05989684042021702,0.4281540996042155,0.27126819860315277,0.13422495205665622],[0.6359992438949676,0.038470731345044445,0.39095573577695314,0.27126819860315277,0.19341206089593063],[0.6356357866340969,0.0230389591424879,0.34534901919803007,0.27126819860315277,0.25481400693828093],[0.6354275954257057,0.012855902955345442,0.2952064584328332,0.27126819860315277,0.3153478150990115],[0.6353226347982304,0.006758625196158299,0.24534510021685282,0.27126819860315277,0.3714114117016544],[0.6352746640563894,0.0033614347534198334,0.19893944111118675,0.27126819860315277,0.42126223199189994],[0.6352546131641317,0.0015910333707287656,0.15799696305034694,0.27126819860315277,0.4639951623276886],[0.6352468220125828,0.0007164998029065235,0.12310213100024586,0.27126819860315277,0.4997723190971609],[0.6352439932074017,0.0003052436514462732,0.09404093497509926,0.27126819860315277,0.5292476000789489],[0.6352430351310155,0.00012111338638744326,0.07014617754797743,0.27126819860315277,0.5533274458475157],[0.6352427379552998,4.36585804220648e-5,0.05071099413164976,0.27126819860315277,0.5728403812455244],[0.6352426563326904,1.3820506208082274e-5,0.035153496056910254,0.27126819860315277,0.5884277990170874],[0.6352426374182223,3.6781664706953174e-6,0.023030732863595204,0.27126819860315277,0.600560723464608],[0.6352426364423774,2.974503227876202e-6,0.021526465822601027,0.27126819860315277,0.6020656951446899]],"time":[0.0,0.07530847085478397,0.3897318879106016,0.9317417559280265,1.606336678483347,2.4410988857762908,3.405238565455595,4.498923427080809,5.70052778248215,7.001849783570636,8.391675086461241,9.870538217731324,11.449256914537552,13.15698087892006,15.040039757348513,17.1624149039553,19.609307561495477,20.0]}