{
    "parameters": {
        "p": 0.93,
        "f": 0.2,
        "n": 0.5,
        "q": 0.83,
        "sigma": 0.2,
        "beta": 2.115e-08,
        "mu": 0.2,
        "eta_r": 0.1,
        "eta_u": 0.25,
        "theta": 0.07142857,
        "m_t": 0.0,
        "tau_1": 21.0,
        "tau_2": 47.0,
        "tau_3": 76.0,
        "tau_f": 189.0,
        "a": 0.102279232189722,
        "b": -0.00823008849557522,
        "m_t_phase_1": 0.0,
        "m_t_phase_2": 0.0,
        "m_t_phase_3": 0.0,
        "_1": 1.0,
        "XXlambdaXX": 0.3
    }
}