{"states":[[0.8559621844675064,0.689760929909861,0.5841553425181991,0.6258160512678328,0.8917970631746838],[0.8783521908660679,0.6923510387846308,0.5841553425181991,0.5657785287034481,0.9268544704657372],[0.939123296589269,0.6966772383039955,0.5841553425181991,0.4432364682656884,0.984299225660931],[1.0269769936192137,0.6987929282523838,0.5841553425181991,0.32456826650200477,1.0129980404462815],[1.1388412421269285,0.6972435224082421,0.5841553425181991,0.22627895132603743,1.000972512958676],[1.2711374128570583,0.6912112506455486,0.5841553425181991,0.15243215912628036,0.9485554061909967],[1.414649280085917,0.6806365842744064,0.5841553425181991,0.1027660389808202,0.8652843254787403],[1.5613779055732389,0.6660005071082369,0.5841553425181991,0.07197409014524843,0.7639837259931598],[1.7041385415723977,0.6481163187834463,0.5841553425181991,0.05415477577753649,0.6569265926865036],[1.838806635015704,0.6276683520674226,0.5841553425181991,0.044238210644889905,0.5526230310918677],[1.9632516598975966,0.605096136443697,0.5841553425181991,0.038718260031107433,0.45627017244748314],[2.0769538068413156,0.5805069431397571,0.5841553425181991,0.03541646123974407,0.3704590175990673],[2.1801231040781013,0.5537563053896823,0.5841553425181991,0.03309598999525971,0.2963608293568409],[2.2735308098805658,0.5244640615143139,0.5841553425181991,0.03109851695743853,0.23424284046756577],[2.358442821881329,0.49202751884172125,0.5841553425181991,0.029092127628338262,0.18377376046849572],[2.436644393917663,0.4556426031183718,0.5841553425181991,0.026909329257685653,0.14413990252616335],[2.508980709768737,0.4152979411248218,0.5841553425181991,0.024509581328599366,0.11454799659772597],[2.573004597226178,0.3741502642600296,0.5841553425181991,0.02206933005296661,0.09411203728071008],[2.597351699425154,0.35734038622788855,0.5841553425181991,0.021073537492827834,0.08757060567401377]],"time":[0.0,0.11585188208986286,0.4002151935933526,0.7737629637831643,1.2276468937453786,1.7670772889337014,2.3843402118345414,3.079040489448235,3.8503727628422206,4.706117591838899,5.6606329322850835,6.738211945139986,7.972916962558466,9.413197467216328,11.129113335135356,13.223316784436395,15.78491207461537,18.703738088831418,20.0]}