{
    "parameters": {
        "C1": 20.0,
        "C2": 0.25,
        "muA": 0.00035,
        "muM": 0.0005,
        "mu_M": 0.02,
        "r2": 0.055,
        "gamma": 7.73,
        "theta": 0.006,
        "Ka1": 20320.0,
        "p": 0.05,
        "a2": 0.0005,
        "a2_0": 2.8e-05,
        "KA": 53000.0,
        "rM": 3.0,
        "rM_0": 350.0,
        "beta": 0.16666,
        "Kv": 1000.0,
        "qv": 1.0,
        "muV": 0.3333,
        "pV": 3.18,
        "pV_0": 0.0318,
        "u": 0.005,
        "mu1": 0.013888,
        "kM0": 0.0001,
        "kM": 0.0003,
        "pX": 0.006,
        "Kx": 500.0,
        "pf1": 0.01,
        "pf2": 0.0,
        "muF": 0.35,
        "alpha": 0.6,
        "Kf": 100.0,
        "qF": 40.0,
        "pT": 0.12,
        "r": 0.1,
        "Kt": 300.0,
        "muX": 1.0,
        "muT": 0.29,
        "T0": 5.0,
        "q": 0.0,
        "compartment": 1.0
    }
}