{
   "states":[
      [
         0.7661415117516952,
         0.31767806533544074,
         0.42744907578946656,
         0.131876992528992,
         0.5569470134417037,
         0.701370597264232,
         0.8479245548754151,
         0.6778100954363182
      ],
      [
         0.7642873630086465,
         0.2885156756345744,
         0.37528157834363335,
         0.1321042081056948,
         0.553262217839058,
         0.673048806884328,
         0.9515739696987539,
         0.6774962645913521
      ],
      [
         0.7638286795789496,
         0.23782179989476432,
         0.29048930807581747,
         0.1292736561413566,
         0.5446551922351569,
         0.611728362659212,
         1.140683300306222,
         0.6753706853616521
      ],
      [
         0.7680902432472466,
         0.1870904778971354,
         0.21330568932800695,
         0.12160763368804471,
         0.5322489100728038,
         0.5339892747430091,
         1.3431363991424499,
         0.6705066806205661
      ],
      [
         0.7785603469287362,
         0.13869681024663025,
         0.1470347759484901,
         0.10861592283733881,
         0.5151017784557141,
         0.4429479572572645,
         1.5518035062558082,
         0.6620406523242459
      ],
      [
         0.782958170131215,
         0.12541398976567822,
         0.13013184005620065,
         0.10384973501999754,
         0.509088984838142,
         0.414755720235941,
         1.6124179164258003,
         0.6587789879887239
      ]
   ],
   "time":[
      0.0,
      0.10446167375049059,
      0.31352166799291337,
      0.5719585854529549,
      0.8925755137683512,
      1.0
   ]
}
