{"states":[[0.12430824558665932,0.08400796037208202,0.0006626409630690056],[0.12430789642503542,0.08162270865432732,0.0030482418424475966],[0.12430248554824748,0.07257334720755167,0.012103014166011193],[0.12428178245479134,0.058784554322863725,0.02591251014415527],[0.12424432708348097,0.044467329184480965,0.04026719065384839],[0.12419467066154212,0.031106172344909293,0.05367800391535892],[0.1241436511944876,0.02021082719803343,0.06462436852928931],[0.12410027538781591,0.012230864723348847,0.07264770681064557],[0.12406877012810327,0.006949210909207632,0.07796086588449944],[0.12404846132945077,0.0037279767007020416,0.08120240889165753],[0.12403655969315734,0.00189876536720011,0.08304352186145289],[0.1240300809720199,0.0009199017088137777,0.08402886424097666],[0.12402676158364047,0.00042280663967131425,0.08452927869849855],[0.12402515016603924,0.00018254830714019635,0.0847711484486309],[0.1240244120169478,7.272100310515975e-5,0.08488171390175736],[0.1240240980024997,2.6042973251458685e-5,0.08492870594605918],[0.12402397725146173,8.100282649757475e-6,0.08494676938769885],[0.12402393681274775,2.0922438398834473e-6,0.08495281786522271],[0.12402392559528339,4.2572285728010984e-7,0.08495449560366967],[0.12402392318606313,6.780124995560471e-8,0.08495485593449725],[0.12402392281512259,1.2693158325292795e-8,0.08495491141352943],[0.12402392274644301,2.48991801488251e-9,0.08495492168544931]],"time":[0.0,0.02968446567930923,0.15084150138169627,0.3682991886079269,0.6566731194475142,1.0262706478661794,1.4726684812033235,1.9930307953509918,2.579054900274035,3.224830489941362,3.9245726708949533,4.676306365591062,5.482743391259545,6.3541582508109204,7.3092389160985585,8.375235306144052,9.588803143013951,11.000008756830535,12.680637719617552,14.739477830381261,17.34828246184511,20.0]}