{"states":[[0.4915807452133494,0.9327827434839276,0.4577992093348663,0.4122251300478674],[0.48996601872304274,0.8493792720224257,0.47546360160627926,0.47957893572826304],[0.4864869595604632,0.6687235377676211,0.5137216369457718,0.6254556938061548],[0.4829448526130285,0.4834361090150518,0.5529551077954405,0.77505175865649],[0.47994965390888883,0.3256735262289313,0.5863560570196958,0.9024085909224948],[0.4776313484702623,0.20287382957424505,0.6123520616685421,1.0015305883669614],[0.47604235543661527,0.11835422527322081,0.6302430082882642,1.0697482390819104],[0.47503986483188054,0.06488307660220755,0.6415610996592869,1.1129037869866358],[0.4744574243982046,0.03376387314831601,0.6481478103491095,1.1380187201843808],[0.4741398326506829,0.016778870978433984,0.65174280311105,1.1517263213398439],[0.47397613637011865,0.00801976827732436,0.6535967099823835,1.1587952134501842],[0.4738954813215391,0.0037029247194179664,0.6545103866100861,1.1622790354289676],[0.4738572329728582,0.0016555238509726102,0.6549437259044895,1.1639313453516904],[0.473839662150074,0.0007149166215700373,0.6551428083760948,1.1646904409322718],[0.4738318260456322,0.000295420191049462,0.6552315960675511,1.1650289857757778],[0.4738284492529595,0.00011464548067118403,0.6552698575746828,1.165174875771697],[0.4738270669185191,4.064260064459271e-5,0.6552855205037015,1.1652345980571455],[0.47382654498053073,1.2700742336243564e-5,0.6552914344806551,1.1652571478764886],[0.4738263702332131,3.3456685087654257e-6,0.6552934145096728,1.1652646976686158],[0.4738263208977046,7.044981627605275e-7,0.6552939735211782,1.165266829162965],[0.4738263098984827,1.1565614216658045e-7,0.6552940981513311,1.1652673043740547],[0.4738263081050401,1.964441026270803e-8,0.6552941184724977,1.1652673818580626],[0.47382630802093784,1.514200477915971e-8,0.6552941194254451,1.165267385491623]],"time":[0.0,0.10014230369719967,0.355784175705854,0.7025834338550717,1.1247617895260282,1.6305580470371681,2.2064067537928507,2.848687051732121,3.546626631617488,4.293800184321707,5.082592789607768,5.908349435947189,6.768560061486557,7.665891401696562,8.610377139516741,9.62211668999463,10.730949992942243,11.97578827922946,13.407427339287958,15.096332834226407,17.146844509979267,19.721867877304348,20.0]}