{"states":[[0.3001800066210145,0.35364516937580537,0.6745630863131366,0.48449981058970926],[0.29989994568110084,0.31961846286047413,0.7007174931893226,0.4926521711687681],[0.2992940114537305,0.2458891897991853,0.7526760798263676,0.5150287918203823],[0.298701209833409,0.17361209084414414,0.7939277617921423,0.5466470104299703],[0.29821633237315254,0.11438599618523469,0.8142363450779326,0.586049399263346],[0.2978522400779014,0.06984952912844239,0.8120539099215082,0.6331323937718139],[0.29760871318243187,0.04003020764102632,0.7898078037288,0.6854413483474076],[0.2974583104083126,0.021601434826712975,0.7526110232681483,0.7412173043964919],[0.29737248748525213,0.011081387480043387,0.7061676179040028,0.7982665800303674],[0.2973264100595859,0.005432022017009861,0.655026966265945,0.855102674557125],[0.2973029745861368,0.002558355627205589,0.6024869360953329,0.9105398065909904],[0.29729156318559047,0.0011590028801134699,0.5504567899722487,0.9639807168617132],[0.29728621629835666,0.0005033082812070099,0.499839183772006,1.015259364548096],[0.2972838006504209,0.00020707085326054152,0.4507252058232288,1.0646719955727555],[0.2972827567580575,7.905476498807555e-5,0.4027525106154203,1.1127737507611999],[0.29728233386251635,2.719351079217587e-5,0.3554375483903671,1.1601409971359902],[0.29728217829976156,8.116252557384984e-6,0.3084238011679741,1.2071739771793728],[0.297282128457292,2.0038769368257904e-6,0.26154922619418275,1.2540547143712542],[0.29728211528455123,3.8845240696225167e-7,0.2148847055149909,1.3007208636477166],[0.29728211260935167,6.038225294702056e-8,0.16879875680324932,1.3468071431048116],[0.29728211221841183,1.2439773361961532e-8,0.1398587261585098,1.3757472220829705]],"time":[0.0,0.11602940825456809,0.4168020415924476,0.815984946999859,1.2945115282677822,1.8601853410848475,2.4986541567187452,3.2061296501425876,3.9716681320562843,4.789363887367631,5.652948846945723,6.561133442625173,7.517893511771642,8.536720824264847,9.641543094221866,10.86654008378145,12.256254004213236,13.870597858526533,15.794878426506976,18.15848475266398,20.0]}