{"states":[[0.9611983186378644,0.6173641573085309,0.2911629885905048,0.6310600087100812],[0.9599477834563559,0.6027529124910248,0.30613668814328177,0.631948089156319],[0.9516828420148663,0.52701924720762,0.384236609418539,0.6378467746059561],[0.9338151965857755,0.4236342209809831,0.49256009972760434,0.6507759559526184],[0.9076535894882082,0.33278152041401055,0.5901902873256036,0.6701600760191591],[0.8702834814117204,0.2553241862873366,0.6763370914127979,0.6988407141351265],[0.8236283554575257,0.19831846446227092,0.7424111454840042,0.7364275078431806],[0.7681151568166269,0.1582198163942212,0.7904219817928996,0.7840285182432337],[0.706240747119072,0.1311005252035094,0.8221254370701649,0.841318763854235],[0.639365210811286,0.11187434334343326,0.8403655568468041,0.909180362245458],[0.6102074708086627,0.10519065093810852,0.8443659008988412,0.941021450601369]],"time":[0.0,0.13669672208970207,0.9199476332287261,2.2682300813476415,3.906372746338634,5.9792183802895,8.406763061596617,11.254578548133974,14.514949839659296,18.2625775434979,20.0]}