{"states":[[0.053700255254377605,0.6939794262767255,0.5209378962182609,0.30357198715528877,0.014462763049979621],[0.05339304224378809,0.6511984181855143,0.5542785428148848,0.30357198715528877,0.02421033755515656],[0.05250686458696513,0.5503868565263388,0.6275412696936754,0.30357198715528877,0.05264534999236437],[0.05105718933386781,0.4291608668161656,0.702649671696734,0.30357198715528877,0.10021261295257632],[0.04910852565159036,0.3134744907250877,0.7541711174777164,0.30357198715528877,0.1663262069449493],[0.0466289531682984,0.2108638270032614,0.771235503567606,0.30357198715528877,0.254352057060178],[0.043876449722959086,0.13276060959777544,0.7487185926058597,0.30357198715528877,0.35772468887274955],[0.04105379392058267,0.07852579898731205,0.692803308091344,0.30357198715528877,0.47069743980010503],[0.038390084042864606,0.044403790378491174,0.6156146098690037,0.30357198715528877,0.5846718565089842],[0.036004371826019246,0.024350732138297304,0.5290488785518658,0.30357198715528877,0.6936763582831614],[0.033956572663884986,0.013226575791037585,0.44273212708760334,0.30357198715528877,0.7931650652568178],[0.03224395846655268,0.0072706510625771,0.3624755351857945,0.30357198715528877,0.8810901960844195],[0.03083686269565288,0.004134229941734839,0.29121080697720736,0.30357198715528877,0.9568984411847488],[0.029691354521162047,0.002467669897621923,0.22970817118319606,0.30357198715528877,1.0212131451973638],[0.02876362647569867,0.0015503499111896748,0.17762032029581204,0.30357198715528877,1.0751460441166434],[0.028015147334821477,0.001014149294442643,0.13410922900589406,0.30357198715528877,1.1199418151641856],[0.027415491018434494,0.0006770964223869213,0.09828490708349548,0.30357198715528877,1.1567028462750268],[0.026941525144751424,0.000450790975867979,0.06935592225519595,0.30357198715528877,1.1863321024235283],[0.02657552990023203,0.00029251513520929973,0.0466416768840617,0.30357198715528877,1.2095706188798405],[0.026303049214974013,0.00018108995047265715,0.029515895989044565,0.30357198715528877,1.2270803056448523],[0.026110984335125348,0.00010491723929819259,0.01733264677187781,0.30357198715528877,1.2395317924530422],[0.026081031350196224,9.317056161355997e-5,0.015424258727087418,0.30357198715528877,1.2414818801604464]],"time":[0.0,0.07757296229997696,0.28296169087700024,0.5877398864098798,0.9744282724561513,1.466128668621709,2.0462040223839906,2.7155194612191416,3.4605693601566507,4.276205558409857,5.154141753187759,6.091508253949117,7.087915118459263,8.149599431065266,9.289217221413917,10.527429212618884,11.892470476049057,13.420830061299405,15.158342834229192,17.16087331766574,19.489755856512307,20.0]}