{"states":[[0.9609237337076794,0.6013763051486032,0.516433332354781,0.5347705575005902],[0.9153926475600379,0.5751537455342465,0.4848095921364963,0.6309399217287861],[0.8252784958055692,0.5028701246722882,0.4030103721512593,0.858376817471098],[0.7499185792766538,0.40453595224560646,0.3010490984857697,1.1156596207098295],[0.7010988737693796,0.2944280425751506,0.19771346907753382,1.3611801425173766],[0.6762303789815772,0.19043817793761436,0.1112267979922447,1.5636018939205414],[0.667668255480129,0.12107711337791233,0.06102053133632029,1.6846295053254314],[0.664589993189654,0.07240273718932842,0.030732101732894826,1.7625283751777205],[0.6636617988852347,0.04233563944150179,0.014953389045980104,1.8071905266486725],[0.6633929710402579,0.023971735402158027,0.006941220101075288,1.832776859961686],[0.663321635315269,0.013323671714193895,0.003132881698914874,1.8468052858992519],[0.663303485178108,0.007240673462838333,0.0013687279561279328,1.8544403043907167],[0.6632991142898412,0.003847874548327449,0.0005793130664150539,1.858524098444077],[0.6632981114308425,0.0019799692007424763,0.00023448114273402404,1.8606929993631216],[0.6632978972942553,0.0009741343620239445,8.925045200929877e-5,1.8618254085683064],[0.6632978560408117,0.00045124605954821167,3.129478341357835e-5,1.8623987663700003],[0.6632978491592483,0.00019462724269116288,9.961505552638906e-6,1.862673955094163],[0.663297848192446,7.705741673071151e-5,2.8263091418536694e-6,1.8627977346268902],[0.6632978480820583,2.733140289678355e-5,6.935666355081501e-7,1.8628493165837607],[0.6632978480724618,8.388760020879652e-6,1.419660223884359e-7,1.8628687392197183],[0.6632978480718823,2.1285807459031677e-6,2.3821258317312348e-8,1.8628751022050987],[0.6632978480718584,4.236716708268609e-7,3.709116609042755e-9,1.8628768246150993],[0.6632978480718575,7.488371054203848e-8,6.529745735062319e-10,1.8628771760624114]],"time":[0.0,0.09936752492643627,0.36013564345059745,0.7218282510392442,1.190451407377704,1.7817384405554102,2.3666748811937377,3.0131156913957406,3.67795137741098,4.377401088941198,5.097085152358064,5.843067782310073,6.615815258640492,7.427709239817293,8.294294587842046,9.23447434140947,10.261936334711878,11.39417982941924,12.661328243149045,14.106891938566392,15.791378930923944,17.802163442532716,20.0]}